{"_id":"65410fc2116d5e5293a8e0a6","Naziv kluba":"Ženski klub “Zamet","Godina osnutka":1995,"Adresa":"Rijeka, Bože Vidasa b.b.","Telefon/fax":"313-253/313-253","E-mail":"zrk.zamet@rss.hr#mailto:zrk.zamet@rss.hr#","Web mjesto":"http://www.zamet.hr/","Ovlaštena osoba1":"Luka Denona (predsjednik)  313-253","OIB":"90910170888","Registarski broj":8000248,"Datum unosa/izmjene":"2015-11-18T00:00:00","Član RSS":"false","Sports":["RUKOMET","ODBOJKA"]}
{"_id":"65410fc2116d5e5293a8e0a7","Naziv kluba":"Klub “Nine“","Godina osnutka":2004,"Adresa":"Rijeka, Škurinjskih žrtava 18","Telefon/fax":"091-782-0410","E-mail":"info@snowboard-nine.hr#mailto: info@snowboard-nine.hr#","Web mjesto":"http://www.snowboard-nine.hr/","Ovlaštena osoba1":"Miodrag Toskić (predsjednik)  091-782-0410","OIB":"11358291864","Registarski broj":8002017,"Datum unosa/izmjene":"2015-11-18T00:00:00","Član RSS":"false","Sport":["SKIJANJE","SNOWBOARD"]}
{"_id":"65410fc2116d5e5293a8e0a5","Naziv kluba":"Klub Rijeka","Godina osnutka":2010,"Adresa":"Milice Jadranić 9/b, Rijeka","Telefon/fax":"091/5744872, 098/9826557","E-mail":"rijeka.kendo@gmail.com#mailto:rijeka.kendo@gmail.com#","Web mjesto":"www.rijekakendo.com","Ovlaštena osoba1":"Marko Vejvoda (predsjednik)","OIB":"83733322513","Registarski broj":8003172,"Datum unosa/izmjene":"2015-11-17T00:00:00","Član RSS":"false","Sports":["KENDO","IAIDO"]}
{"_id":"65410fc2116d5e5293a8e0a9","Naziv kluba":"Ženski klub “Vita”","Godina osnutka":2000,"Adresa":"Rijeka, Omladinska 8","Telefon/fax":"513-116, 091-154-5081","E-mail":"zgkvitari@net.hr#mailto:zgkvitari@net.hr#","Web mjesto":"http://www.vitagimnastika.hr/","Ovlaštena osoba1":"Katja Luketić (predsjednica)  091-525-6589","OIB":"16130367714","Registarski broj":8001398,"Datum unosa/izmjene":"2015-11-18T00:00:00","Član RSS":"false","Sports":["GIMNASTIKA","AKROBATIKA"]}
{"_id":"65410fc2116d5e5293a8e0a8","Naziv kluba":"Tenis klub “Kvarner”","Godina osnutka":1979,"Adresa":"Rijeka, Ede Jardasa 27 a","Telefon/fax":"621-601/621-444","E-mail":"tenis-klub-kvarner@ri.t-com.hr#mailto:tenis-klub-kvarner@ri.t-com.hr#","Web mjesto":"http://www.tkk.hr/","Ovlaštena osoba1":"Bruno Grbac (predsjednik)  091-353-7790","OIB":"5572634799","Registarski broj":8001245,"Datum unosa/izmjene":"2015-11-17T00:00:00","Član RSS":"false","Sports":["TENIS","STOLNI TENIS"]}
{"_id":"65410fc2116d5e5293a8e0aa","Naziv kluba":"Klub “Sušak”","Godina osnutka":2004,"Adresa":"Rijeka, Radnička 4/a","Telefon/fax":"219-197","E-mail":"tksusak@gmail.com#mailto:tksusak@gmail.com#","Web mjesto":"http://www.tk-susak.hr/","Ovlaštena osoba1":"Marko Troskot (predsjednik)  091-545-4618","OIB":"08502484580","Registarski broj":8001971,"Datum unosa/izmjene":"2015-11-17T00:00:00","Član RSS":"false","Sports":["TAEKWONDO","KARATE"]}
{"_id":"65410fc2116d5e5293a8e0ab","Naziv kluba":"Šahovski klub “Rijeka”","Godina osnutka":2009,"Adresa":"Rijeka, Blaža Polića 2/II","Telefon/fax":"336-781/332-628","E-mail":"club@sah-rijeka.hr#mailto:club@sah-rijeka.hr#","Web mjesto":"http://www.sah-rijeka.hr/","Ovlaštena osoba1":"Boris Golubović (predsjednik)  098-328-903","OIB":"34680581451","Registarski broj":8003136,"Datum unosa/izmjene":"2015-11-18T00:00:00","Član RSS":"false","Sports":["ŠAH","BRIDŽ"]}
{"_id":"65410fc2116d5e5293a8e0ad","Naziv kluba":"Ski klub “Rijeka“","Godina osnutka":1965,"Broj članova":null,"Adresa":"Rijeka, Vodovodna 13 b","Telefon/fax":"371-054/371-054","E-mail":"ski-rijeka@ri.t-com.hr#mailto:ski-rijeka@ri.t-com.hr#","Web mjesto":"http://www.ski-rijeka.hr/","Ovlaštena osoba1":"Davor Štimac (predsjednik) 091-501-9332","OIB":"79176245106","Registarski broj":8001139,"Datum unosa/izmjene":"2015-11-18T00:00:00","Član RSS":"false","Sports":["SKIJANJE","SNOWBOARD"]}
{"_id":"65410fc2116d5e5293a8e0ae","Naziv kluba":"Ženski klub “Kozala”- brisana iz registra","Godina osnutka":1993,"Adresa":"Rijeka, Volčićev trg 2","Telefon/fax":"513-799","E-mail":"info@tkkozala.hr","Web mjesto":"http://www.tkkozala.hr/","Ovlaštena osoba1":"Marija Tamaro (predsjednica)  091-507-8225","OIB":"91937547330","Registarski broj":8000927,"Datum unosa/izmjene":"2015-11-19T00:00:00","Član RSS":"false","Sports":["BOĆANJE","BOĆANJE NA TRAVI"]}
{"_id":"65410fc2116d5e5293a8e0ac","Naziv kluba":"Klub “Pećine”","Godina osnutka":1994,"Adresa":"Rijeka, Šetalište XIII divizije 33","Telefon/fax":"421-782, 098-697-485/421-782","E-mail":"jdjukic@optinet.hr#mailto:jdjukic@optinet.hr#","Web mjesto":"http://www.tkpecine.com/","Ovlaštena osoba1":"Ivan Blažević (predsjednik)  091-240-4888","OIB":"32511798489","Registarski broj":8000555,"Datum unosa/izmjene":"2015-11-17T00:00:00","Član RSS":"false","Sports":["TENIS","STOLNI TENIS"]}
